{
    "Player": {
        "ArmL Translation": [
            -1.5,
            3.5,
            0.0
        ],
        "ArmR Translation": [
            1.5,
            3.5,
            0.0
        ],
        "Head Translation": [
            0.0,
            1.2000000476837158,
            0.0
        ],
        "attackCycle": 50,
        "floatingCycle": 75,
        "swingWidth": -0.8960000276565552
    }
}
